{"train_loss": [0.38398596856456535, 0.34211457062226075, 0.3246116600357569, 0.31227366230808773, 0.30292673288629607, 0.2948041043029382, 0.28477665718931416, 0.28310266652932536, 0.27572532943808115, 0.2779408301298435, 0.2558081904856058, 0.2516195107537966, 0.2573755442523039, 0.2458650580392434, 0.23342858037123312, 0.23556743479118897, 0.23575630096288827, 0.22037101600032585, 0.2222248545059791, 0.21213694277864237], "val_loss": [0.3624348750481239, 0.33914014513675983, 0.3277486769052652, 0.30988715015924895, 0.34466342054880583, 0.30948585959581226, 0.3330534756183624, 0.3075274373476322, 0.29818152074630444, 0.3082874045922206, 0.29013206225175125, 0.34337163246594943, 0.3103121166045849, 0.29382660939143257, 0.28430520410721116, 0.29486760130295386, 0.2923730295438033, 0.29232196739086735, 0.28431196006444787, 0.28376048253132746]}