{"train_loss": [0.3156775360306104, 0.30587160860498747, 0.2955505773425102, 0.28659691736102105, 0.2786999541024367, 0.2818692341446877, 0.266828086723884, 0.33106665338079133, 0.28384466022253035, 0.26097274422645567, 0.2559052474796772, 0.24916233445207278, 0.23935180753469468, 0.228770212829113, 0.2563454329967499, 0.24474778299530348, 0.2272905779381593, 0.2315787340203921, 0.2256079562008381, 0.21409817213813465, 0.25097027147809664, 0.22633537277579308, 0.23050130878885586, 0.2401223843296369, 0.22681697408358256, 0.20367891068259875], "val_loss": [0.2887140870094299, 0.29685196876525877, 0.29491376380125683, 0.28848299384117126, 0.26866572300593056, 0.2751939117908478, 0.270940234263738, 0.31682371894518535, 0.3560417165358861, 0.31074551939964296, 0.25819899439811705, 0.2672119359175364, 0.2528271893660227, 0.2801741729180018, 0.33863002161184946, 0.27529832621415457, 0.3054006656010946, 0.27349077065785726, 0.26087362070878345, 0.2711752523978551, 0.2834345410267512, 0.2557657688856125, 0.43953269521395366, 0.3000466873248418, 0.2973102738459905, 0.2580784936745962]}