{"train_loss": [0.24390364090601604, 0.2256036836653948, 0.23410323560237883, 0.21501789912581443, 0.202939647808671, 0.1999943564335505, 0.21621005075673264, 0.20079878171284993, 0.21440661686162155, 0.2102419722825289, 0.19304329715669155, 0.1798542653520902, 0.17880064385632674, 0.2225065377851327, 0.2069464273750782, 0.1909651038547357, 0.20265455370148022, 0.19512979748348394], "val_loss": [0.2095068375269572, 0.21773465275764464, 0.22928498685359955, 0.2005202998717626, 0.2132352699836095, 0.22708678841590882, 0.20440837542215984, 0.23913500905036927, 0.20940457582473754, 0.2104348083337148, 0.2002188245455424, 0.20731825431187947, 0.21285342077414196, 0.24019195238749186, 0.21628323594729107, 0.21587389310201008, 0.2702165375153224, 0.2143445611000061]}