{"train_loss": [0.7971206426620483, 0.7128512521584829, 0.6686566760142644, 0.6137266511718432, 0.5605794161558151, 0.5220703333616257, 0.5119913756847382, 0.5220705484350522, 0.49981128523747126, 0.45215192139148713, 0.44822402745485307, 0.40729937652746834, 0.41074855824311574, 0.41882444322109225, 0.4004011961321036, 0.3997605765859286, 0.393285263578097, 0.36230660006403925, 0.3622973009943962, 0.36035010119279226, 0.3427430455883344, 0.31651414756973584, 0.34788857425252595, 0.35634696334600446, 0.3007670198877653, 0.29213503127296764, 0.2882286307712396, 0.30936372751990954, 0.3159792299071948], "val_loss": [0.7674525499343872, 0.6710638761520386, 0.6271252075831095, 0.5745217104752859, 0.501019702355067, 0.5072885096073151, 0.7097855687141419, 0.4942744334538778, 0.492171440521876, 0.4455252150694529, 0.44715103109677634, 0.4491618831952413, 0.43968387643496193, 0.4505694150924683, 0.41803810397783914, 0.40324233373006185, 0.3921492477258047, 0.41436031063397727, 0.3916922132174174, 0.3840973397095998, 0.38924959897994993, 0.4007844150066376, 0.498947075009346, 0.370492813984553, 0.3665498971939087, 0.3559629201889038, 0.3564681847890218, 0.38242495357990264, 0.38653686543305715]}